{"version":2,"hash":{"type":"Buffer","data":"dQ+omupNFahSYY7NWwU6iQPBZXtZH7wWBXIGZ1WNG9/nvV+2+WfhJ6w5zbig8x/J+g0WPwuQRXOVaPk/JUW3FpsdbltkIKROEJF+57IdcUJbBYHaKS9MQmdLgyptr6b0Pt+jblpJY6gxZzbebZNMJL2vLt1zDuuPPUn6HXpMqCs="},"indexValueMap":{"GN2lqWWsIGgxiL1+6sgW4ovJ5W6EUdeTjZePCBG1Pa4=":{"valueMac":{"type":"Buffer","data":"Z9t1/VGnbGHRcoAL0N9l7ANmiFIU8ztO7/nl8f8XMe4="}},"aNLjEc3w8wLgdrrwQ5uFcPUGyG4/htTAISJ9PUFmeBs=":{"valueMac":{"type":"Buffer","data":"Am18RjOzMk3VmPY9XB3I3OA4jHfsFYGXDxjG6co6Cbw="}},"aBVCLg08AsNYGcIBRIRNkqkcUACeoq1MrdKidWQOQu8=":{"valueMac":{"type":"Buffer","data":"QoZbYq8KScUudP7deYCIlhYlgLTyCcz/gEUFD2fIso8="}},"Lc0nYXBrE4nGXxdxgGDJD1zyYboovoiTqNKuLZIOBEo=":{"valueMac":{"type":"Buffer","data":"70sweRewoe2V8rxhdklPa6se0Wbk+B8iIFeH9KyLmCs="}},"4l4k6+hZZk3IPZks1PhTtZUnNg0Wa4X0JHqjZW9WKsI=":{"valueMac":{"type":"Buffer","data":"L86RC+U3bJ1Zvc7N4xau1t08Bm5f2sMvBDDch1CRf7U="}},"pjWH/VQWKnh+ZMVmz27adHucEM9aetMsCd7xEpbD3eY=":{"valueMac":{"type":"Buffer","data":"Z8ckMoRj3LIVjit86Bpzi//5ljni15HEq8ibpzrSElE="}},"4VGOMz3xkWLBHV8ZSQBginwNMbjs5dtUYtv1bCXjsE4=":{"valueMac":{"type":"Buffer","data":"m1plhXsMru5w3agu2Dtg0CVMi0QjLtEuqysuQMsurkc="}},"0V5fq+wV2LEriEerMtFj+SP9tw3plXEAou/68Egwe2g=":{"valueMac":{"type":"Buffer","data":"LNAMwx2ugFacqVlp7zlCTaQ3u6jhP3ZwKntP1NwLCyU="}},"r+ehKzBd9Iv3gFTh816wTnicMKlMt5oYKcn8ksxVjeg=":{"valueMac":{"type":"Buffer","data":"UPZ92OW0VpMw30XLrxQYgRyPvd7EtbRKf6CFOyH1cc0="}}}}