{"noiseKey":{"private":{"type":"Buffer","data":"CLFWHK4VGoszvxiuMe45dm1bXa3Qz8Rc33FdXVka42M="},"public":{"type":"Buffer","data":"f8+s8EE/SDm9KZdhhwW6mUTxg7Huq88anZVzMMTVe1Q="}},"signedIdentityKey":{"private":{"type":"Buffer","data":"ePtaB7vBKOSp4Mc5epDu4FwcqGnY7RB/PS9G3r43C3c="},"public":{"type":"Buffer","data":"yfRX7zcZjuL3UK6iM7EaJhbZ3+45Md64XZnhh0GoWnA="}},"signedPreKey":{"keyPair":{"private":{"type":"Buffer","data":"eKLPVKBMtSUaa/zQIMYqHefaslb7lBm8R5GIQABGjUo="},"public":{"type":"Buffer","data":"mkW56M1XKX5BmPw9F9VHdnZBJm3Le83r69ERYlFvtw0="}},"signature":{"type":"Buffer","data":"LFv+aK40CXl20uqBxBMlNyUZlWDrTMTKwRK9KQRcyuUfssdKE6y4D0jvx8aqOzjDVQDiP/oZuAbQ7/w6NGJtDA=="},"keyId":1},"registrationId":200,"advSecretKey":"BTsIplWJOS+n+xuW+/5UBv8lfACXPkjwK5XbPUyLnvI=","processedHistoryMessages":[{"key":{"remoteJid":"6285962893638@s.whatsapp.net","fromMe":true,"id":"91AF729B1C4D4DD1CFB16439C2EF6DEE"},"messageTimestamp":1688248993},{"key":{"remoteJid":"6285962893638@s.whatsapp.net","fromMe":true,"id":"2A4EA0C42EEF797BF223C1D4FA570CBA"},"messageTimestamp":1688248994},{"key":{"remoteJid":"6285962893638@s.whatsapp.net","fromMe":true,"id":"E226AA6C01CDF600B6C11C0CDB9A5ECF"},"messageTimestamp":1688248995},{"key":{"remoteJid":"6285962893638@s.whatsapp.net","fromMe":true,"id":"A73842737538C34D0FA2A3DE8504EA3C"},"messageTimestamp":1688248996},{"key":{"remoteJid":"6285962893638@s.whatsapp.net","fromMe":true,"id":"D578CBF83B1DE802140A420996DB2A98"},"messageTimestamp":1688248997}],"nextPreKeyId":31,"firstUnuploadedPreKeyId":31,"accountSyncCounter":1,"accountSettings":{"unarchiveChats":false},"deviceId":"yi0LUlupSFSLwB3bOPf3Zw","phoneId":"41c20a04-092a-4345-a9e6-448eeca92dec","identityId":{"type":"Buffer","data":"GOkbGHycNGhaZtRcFqaGXJqyl1g="},"registered":false,"backupToken":{"type":"Buffer","data":"rkQOwd7EoiD8RZQPXzRdGICWz+M="},"registration":{},"account":{"details":"CO268SgQm8WCpQYYAQ==","accountSignatureKey":"YcMYl2gk7m4plhS0c4sGBeTWQ9Le4MN/NhcE5JCRDWk=","accountSignature":"x6zMYn79x9Y8ryH+PX5t9cDLBmLOdtDI9mImtt/QMotoeYyxX7LjpAKX2PYPaAJu/C+O1XuoRaJ9FPDvQGOcDQ==","deviceSignature":"Zlyje6vnG/PNUfWn1BWIiDvWKcG5Rzsc8J5pWXkhfg+GmiZbgo/nOm4Ou1NbGjwd/3xwSe3ayy5H7TgArmO1AA=="},"me":{"id":"6285962893638:1@s.whatsapp.net","name":"Ren","jid":"6285962893638@s.whatsapp.net"},"signalIdentities":[{"identifier":{"name":"6285962893638:1@s.whatsapp.net","deviceId":0},"identifierKey":{"type":"Buffer","data":"BWHDGJdoJO5uKZYUtHOLBgXk1kPS3uDDfzYXBOSQkQ1p"}}],"platform":"smba","lastAccountSyncTimestamp":1688248990,"myAppStateKeyId":"AAAAAG5B"}