{"_sessions":{"BUbHG67V6o/ES/POpxdFXByOIXVEldAZhdgjUP82EslU":{"registrationId":227519132,"currentRatchet":{"ephemeralKeyPair":{"pubKey":"BcBI6NsoBCdGi/RHiurNhx61T5qbp0F6+PYeo20mBoED","privKey":"iACi79RsSys/2Skk0KEzz1PdDg4YzSWnKg3KDKp/H3U="},"lastRemoteEphemeralKey":"BXME+9K6g0gQjzkDl+2J9uJr1ZhAH1arDJzavX2pnagv","previousCounter":0,"rootKey":"BxzYfTSLYto9kgmTTe9DTXpGxrXNLOU3MJ/fNXHeWRs="},"indexInfo":{"baseKey":"BUbHG67V6o/ES/POpxdFXByOIXVEldAZhdgjUP82EslU","baseKeyType":2,"closed":-1,"used":1688249590320,"created":1688249577676,"remoteIdentityKey":"BS+FxTmsYpCjP0n6xZ2XC9mInoCRffDRR6rJbAMszsNm"},"_chains":{"BXy2zQb94RepS3GT7hrYNDu1tuwQO+g7mIq1pGN7lpla":{"chainKey":{"counter":0},"chainType":2,"messageKeys":{}},"BXME+9K6g0gQjzkDl+2J9uJr1ZhAH1arDJzavX2pnagv":{"chainKey":{"counter":0,"key":"aXXdB0/8z/voQySf93FhJS6+3DYQElZtg+47wAZS7z4="},"chainType":2,"messageKeys":{}},"BcBI6NsoBCdGi/RHiurNhx61T5qbp0F6+PYeo20mBoED":{"chainKey":{"counter":0,"key":"6Wlrly/u431t3RTWEhwtvUQGGMnDc30j9a9W/5CmV/E="},"chainType":1,"messageKeys":{}}}}},"version":"v1"}