{"_sessions":{"BYWM7GCkyQj+SApfeYlfIgQMib5Zm4XURy9XuhW8BE1n":{"registrationId":621534980,"currentRatchet":{"ephemeralKeyPair":{"pubKey":"BWxbMs4Ki87X/qQy9uyjssni3iXdruYsKZ7MJGn0Ayt6","privKey":"4KNhJTm9m7mN/Y3WEDKf+cyEgOwQ+u70eifQpNiqhHc="},"lastRemoteEphemeralKey":"BaR4M4oKDcSc/SuP13fK3n8pLkpLs3EEaRtWTqqJyjVZ","previousCounter":1,"rootKey":"MbD/NbI+/we+hu58umkzIG95Yyb7Xdjr011s7fPwoOc="},"indexInfo":{"baseKey":"BYWM7GCkyQj+SApfeYlfIgQMib5Zm4XURy9XuhW8BE1n","baseKeyType":1,"closed":-1,"used":1688249397165,"created":1688248992473,"remoteIdentityKey":"BXIW3avJya9TO18u/X8kMIWkeXtJ/eb9Paxhh9uFrGpZ"},"_chains":{"BaR4M4oKDcSc/SuP13fK3n8pLkpLs3EEaRtWTqqJyjVZ":{"chainKey":{"counter":0,"key":"K30NlUk1rnsDfJmweZPvqN9vW1eIuRCORTGeNTO3JHY="},"chainType":2,"messageKeys":{}},"BWxbMs4Ki87X/qQy9uyjssni3iXdruYsKZ7MJGn0Ayt6":{"chainKey":{"counter":-1,"key":"SYZkV1X3OnZKkMPJzYobB5sTvf6vXMaUSx8tBuHKp54="},"chainType":1,"messageKeys":{}}}}},"version":"v1"}