{"_sessions":{"BSGjwDLmVJXPye2NU1SCuEB7lobSGoI/mQ40KvuZ0YpA":{"registrationId":78,"currentRatchet":{"ephemeralKeyPair":{"pubKey":"BeBP3ZxPloy9QlxyUb1SKCeJf6iryy04/6wOoRjNp3tm","privKey":"ADkSFJ2UP0EvWjVBOm+QGxCUOjfhlbH5mAdhp8Ho53I="},"lastRemoteEphemeralKey":"Be1IuQ0nxspodZ6h/+OfHCpaPBMAiXg1pb+wvuLr6mlm","previousCounter":1,"rootKey":"Svtoa02C7J2+Ft432sAOSi0cbnyNqZjuaFdYMUbGJ7s="},"indexInfo":{"baseKey":"BSGjwDLmVJXPye2NU1SCuEB7lobSGoI/mQ40KvuZ0YpA","baseKeyType":1,"closed":-1,"used":1688249395165,"created":1688248992388,"remoteIdentityKey":"BQFUqRy5NdrJArhHm+zLNURhb5ZjpOZMUCkxn06n/UtM"},"_chains":{"Be1IuQ0nxspodZ6h/+OfHCpaPBMAiXg1pb+wvuLr6mlm":{"chainKey":{"counter":0,"key":"IuxPg2Bn9jiKbSrYu8HTyNtS7jB1UmQBfoADOH4WFtk="},"chainType":2,"messageKeys":{}},"BeBP3ZxPloy9QlxyUb1SKCeJf6iryy04/6wOoRjNp3tm":{"chainKey":{"counter":-1,"key":"W7PVd3p91THjsStK3+nWCHyZK+vBnoIgrXhQLG8FwGA="},"chainType":1,"messageKeys":{}}}}},"version":"v1"}