{"_sessions":{"BfoUeeNeeLEyAxs+JQGqnFYJ23aDPFXQkgFUDVzkGqwf":{"registrationId":1036538778,"currentRatchet":{"ephemeralKeyPair":{"pubKey":"BVAezZD6PphXLatSvbIqmQQdq37N8ewL0dUVodk7N5Ul","privKey":"QIX/tkcLnQcFZ8q87XCJ67HfkysT0wr1f+LgMFkelWQ="},"lastRemoteEphemeralKey":"BZ49zjAN+gKlQskukvpwTy3NAMG7fL84aOUipXQkOQoZ","previousCounter":0,"rootKey":"q+z2wPbq08GyVIzuJZI+TMjykL4jmzFSf7i5MuS8GNI="},"indexInfo":{"baseKey":"BfoUeeNeeLEyAxs+JQGqnFYJ23aDPFXQkgFUDVzkGqwf","baseKeyType":1,"closed":1688248992938,"used":1688249568985,"created":1688248992521,"remoteIdentityKey":"BWHDGJdoJO5uKZYUtHOLBgXk1kPS3uDDfzYXBOSQkQ1p"},"_chains":{"BZ49zjAN+gKlQskukvpwTy3NAMG7fL84aOUipXQkOQoZ":{"chainKey":{"counter":9,"key":"u28HW5Eg7XcSSx/UtzBZu1+2qPkL2dGNplKj1zK///0="},"chainType":2,"messageKeys":{}},"BVAezZD6PphXLatSvbIqmQQdq37N8ewL0dUVodk7N5Ul":{"chainKey":{"counter":-1,"key":"ahVHeEIC+JQRxI45iQJNXo0POloeTTSY/FEWdZPCXe8="},"chainType":1,"messageKeys":{}}}},"BUQeIq14vpAny50EFXJpKJ+/sAW7kOG7il3cU45RIWdr":{"registrationId":1036538778,"currentRatchet":{"ephemeralKeyPair":{"pubKey":"BXMh31fN488AtCw/AC4POJOQAX3jvik/lt40PwbSjAt7","privKey":"0F+Q6C5RGrSVKiscM2yE8ngh95NGsGJX1a3aXYNhN3A="},"lastRemoteEphemeralKey":"BZ49zjAN+gKlQskukvpwTy3NAMG7fL84aOUipXQkOQoZ","previousCounter":-1,"rootKey":"Cg5eDehFd5ZDGbB0tJWJYSqkSFkk8Dsgx4Kewpt/OIY="},"indexInfo":{"baseKey":"BUQeIq14vpAny50EFXJpKJ+/sAW7kOG7il3cU45RIWdr","baseKeyType":2,"closed":1688249396337,"used":1688248993007,"created":1688248993007,"remoteIdentityKey":"BWHDGJdoJO5uKZYUtHOLBgXk1kPS3uDDfzYXBOSQkQ1p"},"_chains":{"BYemQrB8QfRMlFOYEARhRlK70kakZ8ztTYLW6JyUDFc+":{"chainKey":{"counter":0},"chainType":2,"messageKeys":{}},"BZ49zjAN+gKlQskukvpwTy3NAMG7fL84aOUipXQkOQoZ":{"chainKey":{"counter":0,"key":"sS9USHu4fgzc6irJCOgGap2tCYD9pP+LNAZAQM1+oiU="},"chainType":2,"messageKeys":{}},"BXMh31fN488AtCw/AC4POJOQAX3jvik/lt40PwbSjAt7":{"chainKey":{"counter":0,"key":"Xz9fGCjeLg0TTjcY4FOOm9v2FfS4hmVST1sXrSuC/Yw="},"chainType":1,"messageKeys":{}}}},"BXgPT4e6uDiFF75ssQCsUH42ztbJT5TJTN/jXemoTF1d":{"registrationId":1036538778,"currentRatchet":{"ephemeralKeyPair":{"pubKey":"BWtWs/FmIhXaTeFz6vGfeFiYbkvfiNMYsr1en8POi2R7","privKey":"4PSGFuJI48dM6Vm1nZeO5u2FePdAcFjZTxfbDXZSKXA="},"lastRemoteEphemeralKey":"BZ49zjAN+gKlQskukvpwTy3NAMG7fL84aOUipXQkOQoZ","previousCounter":-1,"rootKey":"v/P9WOJYGroQqkVJJoPesxDmpfSKmtQYeIit0w1z1KU="},"indexInfo":{"baseKey":"BXgPT4e6uDiFF75ssQCsUH42ztbJT5TJTN/jXemoTF1d","baseKeyType":1,"closed":1688249580434,"used":1688249396266,"created":1688249396266,"remoteIdentityKey":"BWHDGJdoJO5uKZYUtHOLBgXk1kPS3uDDfzYXBOSQkQ1p"},"_chains":{"BZ49zjAN+gKlQskukvpwTy3NAMG7fL84aOUipXQkOQoZ":{"chainKey":{"counter":9,"key":"lZlLGfld00sFlsM1ZMCAGOZuPHvXr3I5hxFsZ+fFCb4="},"chainType":2,"messageKeys":{"0":"2Jm23zN0sBDce8RD90HZTstMlE65SPi0pNT68uDtSqY=","1":"Z/kh+70CpUJYCU+8PD/i9rdBBI4u+VltnYgLg0rztCE=","2":"t//t7BCJcgr6V+yCGpzmL3zsf/j0XJPPbuCj9JiaL90=","3":"HnGRHkOo2QwTauFYlyzpfvTPhBjlaDo2dZi4t2kQZH0=","4":"/COU2PLbKXdAXDVUTZy7hyXXqbdIc67ZO9kRGuCvIlU=","5":"LiF4IJ0PJY2W7dy4ySWmTqV+rgZtCz15A/dXQcPiIjY=","6":"Hb2eWiCfsyQK/h94eu0gmLszGGe1ZmX2ynBIKD1MWOA=","7":"zg6A5TaujsqW0VpBhEZUPfZRy07CC2T5b4Y7e4yko00=","8":"mD4SfZpXMn92BJoDr/FIXf5B+VqRfmpXX1wuOuJRI0w="}},"BWtWs/FmIhXaTeFz6vGfeFiYbkvfiNMYsr1en8POi2R7":{"chainKey":{"counter":0,"key":"P6MNEN0n8TiZleCeKIck61pqUdeW+E3dQk9TYhB893o="},"chainType":1,"messageKeys":{}}},"pendingPreKey":{"signedKeyId":0,"baseKey":"BXgPT4e6uDiFF75ssQCsUH42ztbJT5TJTN/jXemoTF1d","preKeyId":14019000}},"BUF55mxQRJ90YWj4l2tQyLDiXvDXROMkS8/fqzwyzm9p":{"registrationId":1036538778,"currentRatchet":{"ephemeralKeyPair":{"pubKey":"BVhCt2XdX28/+UG0rWQ87SDtcIoCGGsjkv5mQtLljMsb","privKey":"wNSlC4TwN5FwSNjeVJqbud5b2nDweS2vyLBsQ8AWr0E="},"lastRemoteEphemeralKey":"BXfGsVeExeyyQJmycw4dTAIQ4lPpwimMW/axkZzmMe4A","previousCounter":0,"rootKey":"Ul7rfgSfiwGPvp1ZJkju6Ex8z9133F+YbreIUd0f2PY="},"indexInfo":{"baseKey":"BUF55mxQRJ90YWj4l2tQyLDiXvDXROMkS8/fqzwyzm9p","baseKeyType":1,"closed":-1,"used":1688249580361,"created":1688249580361,"remoteIdentityKey":"BWHDGJdoJO5uKZYUtHOLBgXk1kPS3uDDfzYXBOSQkQ1p"},"_chains":{"BVhCt2XdX28/+UG0rWQ87SDtcIoCGGsjkv5mQtLljMsb":{"chainKey":{"counter":0,"key":"GY4xPJTlFnL98ddaowWl0rUhktVF7q/1yLzOhfV3df8="},"chainType":1,"messageKeys":{}}},"pendingPreKey":{"signedKeyId":0,"baseKey":"BUF55mxQRJ90YWj4l2tQyLDiXvDXROMkS8/fqzwyzm9p","preKeyId":14018980}}},"version":"v1"}